1,test_01,test01@test01.com,0123456
2,test_02,test02@test02.com,0123456
3,test_03,test03@test03.com,0123456
4,test_04,test04@test04.com,0123456
5,123456,123456@gmail.com,123456
6,123456789,123456789@gmail.com,123456789
7,hoge,hoge0917@hoge.com,hoge0917
8,hoge,hoge0917@hoge.com,$2y$10$A0EO8jNxp6tNKWfl2DVTeO.tPMzi.rqxRTg5TUiRwrYHFJnRPVrUm
9,test_05,test05@gmail.com,$2y$10$dC/6FpfHW8FWlR.v0btzZ.XXyUkHTBVBB5CSo9ryBzUvdBqyNXrPu
10,blabla24_,blabla24_@gmail.com,$2y$10$rSfjW7a/rU/TuNqiSuk9OurZbcm/08EruG.PQKtJAOKht3a6THsJK
